Submethod,PSNR,SSIM,LPIPS,Size [Bytes],#Gaussians
CompGS-high,24.704392404556277,0.7368241925239563,0.25615815329551694,22795373,704157
CompGS-medium,24.41869835853577,0.7192446482181548,0.28248250544071196,15785830,738010
CompGS-low,24.210046319961545,0.7060923762321473,0.299604376912117,12900458,766109
