Submethod,PSNR,SSIM,LPIPS,Size [Bytes],#Gaussians
CompGS,31.798488720043288,0.9334750198029184,0.2190503730967238,12354263,408796
,30.761009435395938,0.9218221390569532,0.2375692259620975,7996524,313734
,29.788050084500696,0.908371446583722,0.2558196940937557,5832390,197311
