Submethod,PSNR,SSIM,LPIPS,Size [Bytes],#Gaussians
CompGS,29.092434040705363,0.8998637278874716,0.2201085778077443,10076150,243325
,28.396446530024207,0.8872971737384796,0.2372754130760828,7295311,214951
,27.730643765131628,0.872740579843521,0.2567113356788953,5676186,183630
