Submethod,PSNR,SSIM,LPIPS,Size [Bytes],#Gaussians
CompGS,27.44865979750951,0.854784332215786,0.1322498466198643,30052698,770749
,27.070243338743843,0.8408044760425885,0.1506567699834704,18590078,703035
,26.738098879655205,0.8284432525436083,0.1656889662146568,16163684,691780
