Submethod,PSNR,SSIM,LPIPS,Size [Bytes],#Gaussians
CompGS-high,30.822554506574356,0.9162306547164917,0.14750169179269246,10894178,294174
CompGS-medium,29.997213758741104,0.9038254478999546,0.16369528642722536,7214004,236853
CompGS-low,29.293430137634278,0.8911760408537728,0.18172964453697205,5822299,186754
