Submethod,PSNR,SSIM,LPIPS,Size [Bytes],#Gaussians
CompGS,26.243826806545258,0.7521168269217015,0.2601500786840915,12600718,285864
,26.051587611436844,0.7392396993935109,0.2819454466924071,8634470,283460
,25.779643952846527,0.7235503308475018,0.3040084034204483,6875289,268981
