Submethod,PSNR,SSIM,LPIPS,Size [Bytes],#Gaussians
CompGS-high,23.109930276870728,0.6425377958350712,0.32938177122010126,20987841,657504
CompGS-medium,23.051072306103176,0.635650568538242,0.34947773880428734,13247558,677123
CompGS-low,22.944506393538582,0.6246815913253361,0.3691117816501194,10724423,689402
