Submethod,PSNR,SSIM,LPIPS,Size [Bytes],#Gaussians
CompGS,22.12420666217804,0.8042247740845931,0.2318997384686219,9019155,180446
,21.81513157016353,0.7961641023033544,0.2435022648227842,7049937,182021
,21.492700432476244,0.7775044602783103,0.2649383184941191,5777777,171962
