Submethod,PSNR,SSIM,LPIPS,Size [Bytes],#Gaussians
CompGS-high,25.28187495470047,0.8689034327864646,0.1832128744572401,11121170,290033
CompGS-medium,24.969575196504593,0.8600638128817082,0.19529887642711402,8199639,307496
CompGS-low,24.722667142748833,0.8515289105474949,0.20732719544321299,6576305,294150
