Submethod,PSNR,SSIM,LPIPS,Size [Bytes],#Gaussians
CompGS-high,30.043895162385088,0.9001718619774127,0.2874311773941435,7496292,177280
CompGS-medium,29.593473072709706,0.8945201643582047,0.3045597919102373,5695205,181368
CompGS-low,29.61439818349378,0.89444122684413,0.30523325328169193,5302505,219789
